{"id":"231685E4-2CD5-4017-BBCF-3D37420E7D11","validationEntity":{"analysedDataType":"auto","dataResult":{}},"modelEntity":{"modelURL":"Models\/ANIMALS%201.mlmodel"},"version":"1.0","settingEntity":{"seedType":"default","transferLearningEmbeddingType":"dynamic","generalClassifierType":{"auto":{}},"generalRegressorType":{"auto":{}},"augmentations":[],"algorithmType":"maxEnt"},"state":"trained","trainingEntity":{"progress":[{"currentRowIndex":0,"tableIndex":0,"count":1,"isLast":false,"percentComplete":0.5,"tableDone":false},{"currentRowIndex":1,"tableIndex":0,"count":2,"isLast":false,"percentComplete":1.25,"tableDone":false},{"currentRowIndex":2,"tableIndex":0,"count":3,"isLast":false,"percentComplete":2,"tableDone":false},{"currentRowIndex":3,"tableIndex":0,"count":4,"isLast":false,"percentComplete":2.75,"tableDone":false},{"currentRowIndex":4,"tableIndex":0,"count":5,"isLast":false,"percentComplete":3.25,"tableDone":false},{"currentRowIndex":5,"tableIndex":0,"count":10,"isLast":false,"percentComplete":6.75,"tableDone":false},{"currentRowIndex":6,"tableIndex":0,"count":50,"isLast":false,"percentComplete":34.25,"tableDone":false},{"currentRowIndex":7,"tableIndex":0,"count":100,"isLast":false,"percentComplete":68.75,"tableDone":false},{"currentRowIndex":8,"tableIndex":0,"count":145,"isLast":false,"percentComplete":100,"tableDone":false},{"currentRowIndex":8,"tableIndex":0,"count":145,"isLast":false,"percentComplete":100,"tableDone":true},{"currentRowIndex":0,"tableIndex":1,"count":1,"isLast":false,"percentComplete":5,"tableDone":false},{"currentRowIndex":1,"tableIndex":1,"count":2,"isLast":false,"percentComplete":10,"tableDone":false},{"currentRowIndex":2,"tableIndex":1,"count":3,"isLast":false,"percentComplete":15,"tableDone":false},{"currentRowIndex":3,"tableIndex":1,"count":4,"isLast":false,"percentComplete":20,"tableDone":false},{"currentRowIndex":4,"tableIndex":1,"count":5,"isLast":false,"percentComplete":25,"tableDone":false},{"currentRowIndex":5,"tableIndex":1,"count":10,"isLast":false,"percentComplete":50,"tableDone":false},{"currentRowIndex":6,"tableIndex":1,"count":20,"isLast":false,"percentComplete":100,"tableDone":false},{"currentRowIndex":6,"tableIndex":1,"count":20,"isLast":false,"percentComplete":100,"tableDone":true},{"icTrainingColumnHeader":{"hasValidation":true,"elapsedTime":0.087051000000000003,"trainingAccuracy":0.59999999999999998,"iterationCount":0,"validationAccuracy":0.45000000000000001},"isLast":false,"currentRowIndex":0,"count":0,"tableDone":false,"tableIndex":2,"percentComplete":0},{"icTrainingColumnHeader":{"hasValidation":true,"elapsedTime":0.211257,"trainingAccuracy":0.69655199999999995,"iterationCount":1,"validationAccuracy":0.5},"isLast":false,"currentRowIndex":1,"count":0,"tableDone":false,"tableIndex":2,"percentComplete":0},{"icTrainingColumnHeader":{"hasValidation":true,"elapsedTime":0.25009599999999998,"trainingAccuracy":0.793103,"iterationCount":2,"validationAccuracy":0.65000000000000002},"isLast":false,"currentRowIndex":2,"count":0,"tableDone":false,"tableIndex":2,"percentComplete":0},{"icTrainingColumnHeader":{"hasValidation":true,"elapsedTime":0.29234900000000003,"trainingAccuracy":0.91724099999999997,"iterationCount":3,"validationAccuracy":0.94999999999999996},"isLast":false,"currentRowIndex":3,"count":0,"tableDone":false,"tableIndex":2,"percentComplete":0},{"icTrainingColumnHeader":{"hasValidation":true,"elapsedTime":0.33254699999999998,"trainingAccuracy":0.93793099999999996,"iterationCount":4,"validationAccuracy":0.94999999999999996},"isLast":false,"currentRowIndex":4,"count":0,"tableDone":false,"tableIndex":2,"percentComplete":0},{"icTrainingColumnHeader":{"hasValidation":true,"elapsedTime":0.55125500000000005,"trainingAccuracy":1,"iterationCount":9,"validationAccuracy":0.94999999999999996},"isLast":false,"currentRowIndex":5,"count":0,"tableDone":false,"tableIndex":2,"percentComplete":0},{"icTrainingColumnHeader":{"hasValidation":true,"elapsedTime":0.84794400000000003,"trainingAccuracy":1,"iterationCount":16,"validationAccuracy":0.94999999999999996},"isLast":false,"currentRowIndex":6,"count":0,"tableDone":false,"tableIndex":2,"percentComplete":0},{"icTrainingColumnHeader":{"hasValidation":true,"elapsedTime":0.84794400000000003,"trainingAccuracy":1,"iterationCount":16,"validationAccuracy":0.94999999999999996},"isLast":true,"currentRowIndex":6,"count":0,"tableDone":true,"tableIndex":2,"percentComplete":0}],"recipeTrainingResults":{"imageClassifier":{"confusionMatrix":[{"expected":"CHEETAH","actual":"CHEETAH","count":28},{"expected":"LEOPARD","actual":"LEOPARD","count":87},{"expected":"TIGER","actual":"TIGER","count":30}],"statsByLabel":{"CHEETAH":{"count":28,"precisionRecall":{"success":{"recall":1,"precision":1}}},"LEOPARD":{"count":87,"precisionRecall":{"success":{"recall":1,"precision":1}}},"TIGER":{"count":30,"precisionRecall":{"success":{"recall":1,"precision":1}}}},"accuracy":1}},"recipeValidationResults":{"imageClassifier":{"confusionMatrix":[{"expected":"CHEETAH","actual":"CHEETAH","count":5},{"expected":"LEOPARD","actual":"CHEETAH","count":1},{"expected":"LEOPARD","actual":"LEOPARD","count":9},{"expected":"TIGER","actual":"TIGER","count":5}],"statsByLabel":{"TIGER":{"count":5,"precisionRecall":{"success":{"recall":1,"precision":1}}},"CHEETAH":{"count":6,"precisionRecall":{"success":{"recall":0.83333333333333337,"precision":1}}},"LEOPARD":{"count":9,"precisionRecall":{"success":{"recall":1,"precision":0.90000000000000002}}}},"accuracy":0.94999999999999996}},"dataResult":{"itemsCount":165,"dataURL":"file:\/\/\/Users\/akshayravi\/Downloads\/TRAINING%20DATA\/","classesCount":3,"dataSourceID":"CEDDC34D-EB79-4AC2-B752-86C7DBA3DCB1","analysis":{"summary":{"canUseValidation":1,"classCount":3,"sampleCount":165},"issues":[{"description":"3 classes found, including LEOPARD, TIGER, CHEETAH","severity":"info"},{"description":"165 images found, automatically creating validation set","severity":"good"},{"description":"Smallest class is \"CHEETAH\" with 34 images","severity":"warning"},{"description":"Largest class is \"LEOPARD\" with 96 images","severity":"info"}],"classifierAnalysis":{"columns":[],"vizualizerSpec":"","labelStats":{"TIGER":35,"LEOPARD":96,"CHEETAH":34}}}},"duration":24,"analysedDataType":"choose","validationAccuracy":0.94999999999999996,"startTime":601094014.735623,"trainingAccuracy":1,"finishTime":601094039.00082505},"createdDate":"2020-01-18 21:20:09","transientEvaluationState":"none","evaluationState":"evaluated","title":"ANIMALS 1","evaluationEntity":{"finishTime":601094042.17975104,"result":{"imageClassifier":{"statsByLabel":{"LEOPARD":{"count":1,"precisionRecall":{"success":{"recall":1,"precision":1}}},"TIGER":{"count":1,"precisionRecall":{"success":{"recall":1,"precision":1}}},"CHEETAH":{"count":1,"precisionRecall":{"success":{"recall":1,"precision":1}}}},"accuracy":1}},"dataResult":{"itemsCount":3,"dataURL":"file:\/\/\/Users\/akshayravi\/Downloads\/Testing%20Data\/","classesCount":3,"dataSourceID":"1EBDF099-D958-4C81-9AC5-0BB39E6A1F94","analysis":{"summary":{"canUseValidation":0,"classCount":3,"sampleCount":3},"issues":[{"description":"3 classes found, including LEOPARD, TIGER, CHEETAH","severity":"info"},{"description":"Less than 50 total images found - add more to improve model validation","severity":"warning"},{"description":"Smallest class is \"CHEETAH\" with 1 images","severity":"warning"},{"description":"Largest class is \"LEOPARD\" with 1 images","severity":"info"}],"classifierAnalysis":{"columns":[],"vizualizerSpec":"","labelStats":{"TIGER":1,"LEOPARD":1,"CHEETAH":1}}}},"analysedDataType":"none","accuracy":1,"startTime":601094041.45185995,"trainedEvaluationURL":"file:\/\/\/Users\/akshayravi\/Downloads\/Testing%20Data\/","trainedEvaluationItemCount":3},"modifiedDate":"2020-04-15 23:49:27","transientState":"none","preferredFilename":"ANIMALS 1"}