{"createdDate":"2020-01-18 21:20:21","id":"CEDDC34D-EB79-4AC2-B752-86C7DBA3DCB1","modifiedDate":"2020-01-18 21:20:21","title":"TRAINING DATA","dataResult":{"itemsCount":165,"dataURL":"file:\/\/\/Users\/akshayravi\/Downloads\/TRAINING%20DATA\/","classesCount":3,"analysis":{"summary":{"canUseValidation":1,"classCount":3,"sampleCount":165},"issues":[{"description":"3 classes found, including LEOPARD, TIGER, CHEETAH","severity":"info"},{"description":"165 images found, automatically creating validation set","severity":"good"},{"description":"Smallest class is \"CHEETAH\" with 34 images","severity":"warning"},{"description":"Largest class is \"LEOPARD\" with 96 images","severity":"info"}],"classifierAnalysis":{"columns":[],"vizualizerSpec":"","labelStats":{"CHEETAH":34,"TIGER":35,"LEOPARD":96}}}},"preferredFilename":"TRAINING DATA","version":"1.0","pathType":0,"experimentIDs":["231685E4-2CD5-4017-BBCF-3D37420E7D11"]}